name,email,phone,city
Robin Mills,placerat.velit@outlook.org,5231293321,Virginia Beach
Paula Romero,ultrices.posuere.cubilia@icloud.com,7148351126,Belfast
Armando Mcdonald,pretium@outlook.edu,7511246324,Lelystad
William Shepard,fermentum@google.org,8885673398,Lelystad
Althea Roberson,donec@hotmail.net,8665876966,Hamilton
Hamilton Stout,ipsum@outlook.com,5187435156,Ede
Roanna England,proin.ultrices@google.org,5455884595,Okigwe
Raja Jackson,tellus@google.org,8057030825,Okigwe
Jin Roberson,mus@hotmail.org,5256446964,Oldenzaal
Clarke Rivas,faucibus.orci@aol.edu,3753864561,Murcia
Marah Herrera,pellentesque.sed@google.ca,2088675433,Okigwe
Lila Pacheco,odio.semper.cursus@protonmail.ca,8984946907,Murcia
Montana Crawford,posuere.enim.nisl@outlook.edu,4878219836,Kropyvnytskyi
Harper Zimmerman,magna.duis@outlook.couk,4247266754,Jette
Eaton Allen,sed.auctor@outlook.couk,3108318751,Empangeni
Carlos Conway,commodo.ipsum@yahoo.ca,2889374654,Santander
Charlotte Peterson,erat.etiam.vestibulum@yahoo.couk,2613368387,Westport
Alexander Rosario,sem.consequat.nec@outlook.ca,5158227770,Benalla
Kennan Hull,eu.elit@google.net,7256863444,Arequipa
Basia Cooper,enim.consequat.purus@icloud.couk,7935542566,Gols
Ramona Kelley,ornare@yahoo.ca,9866653771,Khyber Agency
Vance Maddox,curabitur.dictum@icloud.org,5558721723,Gierle
Morgan Phillips,in@protonmail.couk,6697356484,Murcia
Cairo Paul,sed@hotmail.net,8825736076,Hamar
Renee Estes,felis@protonmail.com,5375122646,Melilla
Rhonda Hall,nunc.lectus.pede@google.ca,3044427282,Jilin
Finn Colon,ornare.placerat@outlook.ca,1558885719,Leonding
Silas Cooley,aenean.euismod@outlook.edu,4786062278,Santa Rita
Keane Bray,duis.volutpat@outlook.net,8625168672,Newcastle
Holmes Mcgowan,nunc@protonmail.edu,2396378889,North Shore
